Workbook

Sheet Integrated data
H1: Influenza deaths | Q1: Population | AD1: Death rate
A2: State | B2: Year | C2: Combined key | D2: < 5 years | E2: 5-14 years | F2: 15-24 years | G2: 25-34 years | H2: 35-44 years | I2: 45-54 years | J2: 55-64 years | K2: Under 65 years | L2: 65-74 years | M2: 75-84 years | N2: 85+ years | O2: 65 - 85+ years | P2: Total Deaths | Q2: < 5 years | R2: 5-14 years | S2: 15-24 years | T2: 25-34 years | U2: 35-44 years | V2: 45-54 years | W2: 55-64 years | X2: Under 65 year | Y2: 65-74 years | Z2: 75-84 years | AA2: 85+ years | AB2: 65 - 85 + years | AC2: Total population | AD2: < 5 years | AE2: 5-14 years | AF2: 15-24 years | AG2: 25-34 years | AH2: 35-44 years | AI2: 45-54 years | AJ2: 55-64 years | AK2: 65-74 years | AL2: 75-84 years | AM2: 85+ years | AN2: Total population
A3: Alabama | B3: 2009 | C3: Alabama,2009 | D3: 86 | E3: 55 | F3: 69 | G3: 53 | H3: 68 | I3: 60 | J3: 73 | K3: =SUM(D3:J3) -> 464 | L3: 110 | M3: 261 | N3: 356 | O3: =SUM(L3:N3) -> 727 | P3: 1191 | Q3: 313461.97 | R3: 630249.62 | S3: 666388.58 | T3: 612761.48 | U3: 642363.69 | V3: 677823.44 | W3: 534879.99 | X3: =SUM(Q3:W3) -> 4077928.8 | Y3: 341648 | Z3: 217111.68 | AA3: 77806.246 | AB3: =SUM(Y3:AA3) -> 636565.93 | AC3: 4714494.7 | AD3: 0.00027435545 | AE3: 8.726701e-05 | AF3: 0.00010354319 | AG3: 8.6493688e-05 | AH3: 0.00010585903 | AI3: 8.8518627e-05 | AJ3: 0.00013647921 | AK3: 0.00032196881 | AL3: 0.0012021463 | AM3: 0.0045754681 | AN3: 0.00025262516
A4: Alabama | B4: 2010 | C4: Alabama,2010 | D4: 131 | E4: 62 | F4: 63 | G4: 38 | H4: 55 | I4: 57 | J4: 73 | K4: =SUM(D4:J4) -> 479 | L4: 157 | M4: 263 | N4: 348 | O4: =SUM(L4:N4) -> 768 | P4: 1247 | Q4: 312439.16 | R4: 648489.68 | S4: 693474.4 | T4: 617886.19 | U4: 653877.49 | V4: 706558.67 | W4: 574930.13 | X4: =SUM(Q4:W4) -> 4207655.7 | Y4: 366249.07 | Z4: 214827.42 | AA4: 76841.017 | AB4: =SUM(Y4:AA4) -> 657917.51 | AC4: 4865573.2 | AD4: 0.00041928162 | AE4: 9.5606764e-05 | AF4: 9.0846901e-05 | AG4: 6.1499999e-05 | AH4: 8.4113615e-05 | AI4: 8.0672706e-05 | AJ4: 0.00012697195 | AK4: 0.00042867003 | AL4: 0.0012242385 | AM4: 0.0045288313 | AN4: 0.00025629046
A5: Alabama | B5: 2011 | C5: Alabama,2011 | D5: 95 | E5: 55 | F5: 63 | G5: 47 | H5: 42 | I5: 57 | J5: 80 | K5: =SUM(D5:J5) -> 439 | L5: 130 | M5: 292 | N5: 348 | O5: =SUM(L5:N5) -> 770 | P5: 1209 | Q5: 322372.92 | R5: 666087.8 | S5: 729370.75 | T5: 642169.58 | U5: 666641.69 | V5: 738126.62 | W5: 617657.35 | X5: =SUM(Q5:W5) -> 4382426.7 | Y5: 390500.01 | Z5: 226963.75 | AA5: 81442.062 | AB5: =SUM(Y5:AA5) -> 698905.82 | AC5: 5081332.6 | AD5: 0.00029468976 | AE5: 8.2571697e-05 | AF5: 8.6375824e-05 | AG5: 7.318939e-05 | AH5: 6.300236e-05 | AI5: 7.7222523e-05 | AJ5: 0.00012952165 | AK5: 0.00033290652 | AL5: 0.001286549 | AM5: 0.0042729763 | AN5: 0.00023792971
A6: Alabama | B6: 2012 | C6: Alabama,2012 | D6: 101 | E6: 49 | F6: 35 | G6: 64 | H6: 44 | I6: 59 | J6: 62 | K6: =SUM(D6:J6) -> 414 | L6: 123 | M6: 270 | N6: 358 | O6: =SUM(L6:N6) -> 751 | P6: 1165 | Q6: 309366.07 | R6: 637460.32 | S6: 687206.43 | T6: 614914.96 | U6: 629224.65 | V6: 702691.36 | W6: 604314.23 | X6: =SUM(Q6:W6) -> 4185178 | Y6: 384670.61 | Z6: 216927.48 | AA6: 79572.687 | AB6: =SUM(Y6:AA6) -> 681170.78 | AC6: 4866348.8 | AD6: 0.00032647407 | AE6: 7.6867529e-05 | AF6: 5.0930839e-05 | AG6: 0.00010407943 | AH6: 6.992733e-05 | AI6: 8.3962894e-05 | AJ6: 0.00010259563 | AK6: 0.00031975409 | AL6: 0.0012446556 | AM6: 0.0044990312 | AN6: 0.0002393992
A7: Alabama | B7: 2013 | C7: Alabama,2013 | D7: 101 | E7: 60 | F7: 53 | G7: 47 | H7: 59 | I7: 51 | J7: 109 | K7: =SUM(D7:J7) -> 480 | L7: 135 | M7: 283 | N7: 381 | O7: =SUM(L7:N7) -> 799 | P7: 1279 | Q7: 304011.8 | R7: 633387.6 | S7: 693259.45 | T7: 619138.67 | U7: 620929.52 | V7: 692805.71 | W7: 615748.67 | X7: =SUM(Q7:W7) -> 4179281.4 | Y7: 396294.59 | Z7: 220396.2 | AA7: 82020.394 | AB7: =SUM(Y7:AA7) -> 698711.18 | AC7: 4877992.6 | AD7: 0.00033222395 | AE7: 9.4728725e-05 | AF7: 7.6450454e-05 | AG7: 7.5911911e-05 | AH7: 9.5018836e-05 | AI7: 7.3613712e-05 | AJ7: 0.00017702028 | AK7: 0.00034065567 | AL7: 0.0012840512 | AM7: 0.0046451862 | AN7: 0.00026219802
A8: Alabama | B8: 2014 | C8: Alabama,2014 | D8: 106 | E8: 56 | F8: 46 | G8: 72 | H8: 85 | I8: 85 | J8: 78 | K8: =SUM(D8:J8) -> 528 | L8: 181 | M8: 261 | N8: 345 | O8: =SUM(L8:N8) -> 787 | P8: 1315 | Q8: 287833 | R8: 600198.51 | S8: 649803.19 | T8: 596994.66 | U8: 587552.54 | V8: 647491.16 | W8: 587084 | X8: =SUM(Q8:W8) -> 3956957 | Y8: 380790.54 | Z8: 206634.05 | AA8: 77027.34 | AB8: =SUM(Y8:AA8) -> 664451.93 | AC8: 4621409 | AD8: 0.0003682691 | AE8: 9.3302465e-05 | AF8: 7.0790666e-05 | AG8: 0.00012060409 | AH8: 0.00014466791 | AI8: 0.00013127592 | AJ8: 0.00013286003 | AK8: 0.00047532694 | AL8: 0.0012631026 | AM8: 0.0044789292 | AN8: 0.00028454526
A9: Alabama | B9: 2015 | C9: Alabama,2015 | D9: 109 | E9: 46 | F9: 35 | G9: 48 | H9: 62 | I9: 43 | J9: 124 | K9: =SUM(D9:J9) -> 467 | L9: 203 | M9: 308 | N9: 381 | O9: =SUM(L9:N9) -> 892 | P9: 1359 | Q9: 289513.79 | R9: 610789.65 | S9: 652929.81 | T9: 610978.24 | U9: 595044.55 | V9: 652442.84 | W9: 610374.51 | X9: =SUM(Q9:W9) -> 4022073.4 | Y9: 408052.17 | Z9: 216651.45 | AA9: 80089.16 | AB9: =SUM(Y9:AA9) -> 704792.78 | AC9: 4726866.2 | AD9: 0.00037649329 | AE9: 7.5312343e-05 | AF9: 5.3604536e-05 | AG9: 7.8562536e-05 | AH9: 0.00010419388 | AI9: 6.5906157e-05 | AJ9: 0.00020315396 | AK9: 0.00049748541 | AL9: 0.0014216383 | AM9: 0.0047571981 | AN9: 0.0002875055
A10: Alabama | B10: 2016 | C10: Alabama,2016 | D10: 92 | E10: 69 | F10: 68 | G10: 52 | H10: 58 | I10: 66 | J10: 119 | K10: =SUM(D10:J10) -> 524 | L10: 191 | M10: 277 | N10: 289 | O10: =SUM(L10:N10) -> 757 | P10: 1281 | Q10: 297332.55 | R10: 631756.44 | S10: 673997.76 | T10: 635795.74 | U10: 619383.34 | V10: 670538.92 | W10: 644270.06 | X10: =SUM(Q10:W10) -> 4173074.8 | Y10: 447754.11 | Z10: 232425.35 | AA10: 85788.3 | AB10: =SUM(Y10:AA10) -> 765967.76 | AC10: 4939042.6 | AD10: 0.00030941785 | AE10: 0.00010921931 | AF10: 0.00010089054 | AG10: 8.1787274e-05 | AH10: 9.3641524e-05 | AI10: 9.8428291e-05 | AJ10: 0.00018470515 | AK10: 0.00042657341 | AL10: 0.0011917805 | AM10: 0.0033687577 | AN10: 0.00025936201
A11: Alabama | B11: 2017 | C11: Alabama,2017 | D11: 94 | E11: 60 | F11: 62 | G11: 59 | H11: 58 | I11: 61 | J11: 112 | K11: =SUM(D11:J11) -> 506 | L11: 227 | M11: 338 | N11: 375 | O11: =SUM(L11:N11) -> 940 | P11: 1446 | Q11: 285582 | R11: 604603 | S11: 650293 | T11: 614519 | U11: 590164 | V11: 637686 | W11: 627460 | X11: =SUM(Q11:W11) -> 4010307 | Y11: 443258 | Z11: 225993 | AA11: 82154 | AB11: =SUM(Y11:AA11) -> 751405 | AC11: 4761712 | AD11: 0.0003291524 | AE11: 9.9238674e-05 | AF11: 9.5341638e-05 | AG11: 9.601005e-05 | AH11: 9.8277767e-05 | AI11: 9.5658365e-05 | AJ11: 0.00017849743 | AK11: 0.0005121171 | AL11: 0.0014956215 | AM11: 0.0045645982 | AN11: 0.00030367229
A12: Alaska | B12: 2009 | C12: Alaska,2009 | D12: 121 | E12: 47 | F12: 60 | G12: 73 | H12: 32 | I12: 40 | J12: 62 | K12: =SUM(D12:J12) -> 435 | L12: 58 | M12: 53 | N12: 69 | O12: =SUM(L12:N12) -> 180 | P12: 615 | Q12: 55508.075 | R12: 105685.9 | S12: 121296.25 | T12: 102702.4 | U12: 102961.64 | V12: 114657.09 | W12: 77422.602 | X12: =SUM(Q12:W12) -> 680233.96 | Y12: 33475.446 | Z12: 16093.718 | AA12: 5240.079 | AB12: =SUM(Y12:AA12) -> 54809.243 | AC12: 735043.21 | AD12: 0.002179863 | AE12: 0.00044471401 | AF12: 0.00049465667 | AG12: 0.00071079156 | AH12: 0.00031079537 | AI12: 0.00034886633 | AJ12: 0.00080079975 | AK12: 0.0017326132 | AL12: 0.0032932104 | AM12: 0.01316774 | AN12: 0.00083668551
A13: Alaska | B13: 2010 | C13: Alaska,2010 | D13: 120 | E13: 49 | F13: 64 | G13: 56 | H13: 70 | I13: 66 | J13: 44 | K13: =SUM(D13:J13) -> 469 | L13: 54 | M13: 44 | N13: 71 | O13: =SUM(L13:N13) -> 169 | P13: 638 | Q13: 52137.324 | R13: 102332.08 | S13: 110410.98 | T13: 94661.169 | U13: 97170.112 | V13: 111612.62 | W13: 80035.559 | X13: =SUM(Q13:W13) -> 648359.84 | Y13: 33808.065 | Z13: 15441.695 | AA13: 5010.15 | AB13: =SUM(Y13:AA13) -> 54259.91 | AC13: 702619.75 | AD13: 0.0023016141 | AE13: 0.00047883324 | AF13: 0.00057965248 | AG13: 0.00059158365 | AH13: 0.00072038612 | AI13: 0.000591331 | AJ13: 0.00054975564 | AK13: 0.001597252 | AL13: 0.0028494281 | AM13: 0.014171232 | AN13: 0.00090803027
A14: Alaska | B14: 2011 | C14: Alaska,2011 | D14: 93 | E14: 39 | F14: 46 | G14: 65 | H14: 57 | I14: 62 | J14: 65 | K14: =SUM(D14:J14) -> 427 | L14: 44 | M14: 58 | N14: 65 | O14: =SUM(L14:N14) -> 167 | P14: 594 | Q14: 50142.041 | R14: 97168.511 | S14: 103420.13 | T14: 94885.244 | U14: 91425.494 | V14: 106786.52 | W14: 80478.222 | X14: =SUM(Q14:W14) -> 624306.16 | Y14: 33438.928 | Z14: 15400.793 | AA14: 4467.28 | AB14: =SUM(Y14:AA14) -> 53307.001 | AC14: 677613.16 | AD14: 0.001854731 | AE14: 0.00040136459 | AF14: 0.00044478767 | AG14: 0.00068503802 | AH14: 0.00062345849 | AI14: 0.00058059765 | AJ14: 0.00080767192 | AK14: 0.0013158317 | AL14: 0.0037660398 | AM14: 0.014550241 | AN14: 0.00087660635
... A470: Wyoming | B470: 2017 | C470: Wyoming,2017 | D470: 101 | E470: 46 | F470: 57 | G470: 52 | H470: 56 | I470: 60 | J470: 73 | K470: =SUM(D470:J470) -> 445 | L470: 65 | M470: 54 | N470: 67 | O470: =SUM(L470:N470) -> 186 | P470: 631 | Q470: 39641 | R470: 83314 | S470: 85784 | T470: 86765 | U470: 74910 | V470: 76858 | W470: 88143 | X470: =SUM(Q470:W470) -> 535415 | Y470: 55233 | Z470: 26931 | AA470: 10586 | AB470: =SUM(Y470:AA470) -> 92750 | AC470: 628165 | AD470: 0.0025478671 | AE470: 0.00055212809 | AF470: 0.00066445957 | AG470: 0.00059932 | AH470: 0.00074756374 | AI470: 0.00078066044 | AJ470: 0.00082819963 | AK470: 0.0011768327 | AL470: 0.0020051242 | AM470: 0.0063291139 | AN470: 0.0010045131

Sheet Statistical analysis
A2: Hypothesis | B2: If a person is over 65 years, then there are more chances to die from influenza.
A4: Dataset Name | B4: Influenza Deaths | E4: Poupulation
B5: 65+ years | C5: Under 65 years | E5: 65+ years | F5: Under 65 years
A6: Sample or Population | B6: Sample | C6: Sample | E6: Sample | F6: Sample
A7: Normal Distribution | B7: =SKEW('Integrated data'!O3:O470) -> 2.6466466 | C7: =SKEW('Integrated data'!K:K) -> 2.9938463 | E7: =SKEW('Integrated data'!AB3:AB470) -> 2.3026182 | F7: =SKEW('Integrated data'!X3:X470) -> 2.7078213
A9: Variance | B9: =_xlfn.VAR.S('Integrated data'!O:O) -> 933082.54 | C9: =_xlfn.VAR.S('Integrated data'!K:K) -> 15501.677 | E9: =_xlfn.VAR.S('Integrated data'!AB3:AB470) -> 7.828612e+11 | F9: =_xlfn.VAR.S('Integrated data'!X3:X470) -> 3.509371e+13
A10: Standard Deviation | B10: =_xlfn.STDEV.S('Integrated data'!O:O) -> 965.96198 | C10: =_xlfn.STDEV.S('Integrated data'!K:K) -> 124.50573 | E10: =_xlfn.STDEV.S('Integrated data'!AB3:AB470) -> 884794.44 | F10: =_xlfn.STDEV.S('Integrated data'!X3:X470) -> 5923994.4
A11: Mean | B11: =AVERAGE('Integrated data'!O:O) -> 890.69281 | C11: =AVERAGE('Integrated data'!K:K) -> 490.76253 | E11: =AVERAGE('Integrated data'!AB3:AB470) -> 824208.53 | F11: =AVERAGE('Integrated data'!X3:X470) -> 5235709.6
A12: Upper value SD | B12: =B11+(2*B10) -> 2822.6168 | C12: =C11+(2*C10) -> 739.77399 | E12: =E11+(2*E10) -> 2593797.4 | F12: =F11+(2*F10) -> 17083698
A13: Lower value SD | B13: =B11-(2*B10) -> -1041.2311 | C13: =C11-(2*C10) -> 241.75107 | E13: =E11-(2*E10) -> -945380.34 | F13: =F11-(2*F10) -> -6612279.3
A14: Outliers | B14: =COUNTIF('Integrated data'!O:O,">"&B12)+COUNTIF('Integrated data'!O:O,"<"&B13) -> 18 | C14: =COUNTIF('Integrated data'!K:K,">"&C12)+COUNTIF('Integrated data'!K:K,"<"&C13) -> 26 | E14: =COUNTIF('Integrated data'!AB:AB,">"&E12)+COUNTIF('Integrated data'!AB:AB,"<"&E13) -> 31 | F14: =COUNTIF('Integrated data'!X:X,">"&F12)+COUNTIF('Integrated data'!X:X,"<"&F13) -> 18
A15: Outlier Percentage | B15: =B14/COUNT('Integrated data'!O:O) -> 0.038461538 | C15: =C14/COUNT('Integrated data'!K:K) -> 0.055555556 | E15: =E14/COUNT('Integrated data'!AB:AB) -> 0.066239316 | F15: =F14/COUNT('Integrated data'!X:X) -> 0.038461538
A18: Correlation
A19: Variables | B19: Deaths 65+ / Populations 65+ | C19: Deaths under 65 / Population under 65
A20: Proposed Relationship | B20: Higher number of people with the above age group, higher the rate of influenza deaths | C20: Higher the number of people with the above age group, lower the rate of influenza deaths
A21: Correlation Coefficient | B21: =CORREL('Integrated data'!O3:O470,'Integrated data'!AB3:AB470) -> 0.93916755 | C21: =CORREL('Integrated data'!K3:K470,'Integrated data'!X3:X470) -> 0.91780531
A22: Strength of Correlation | B22: Strong relationship | C22: Strong relationship
A23: Usefulness / Interpretation | B23: Strong relationship suggests that higher the number of 65 years old people then deaths will be higher. More staff needs to be allocated. | C23: Strong relationship suggests that, under the age of 65 years will less likely to die from influenza flu.

Sheet Influenza dealth - pivot chart
A3: Sum of < 5 years | B3: Sum of 5-14 years | C3: Sum of 15-24 years | D3: Sum of 25-34 years | E3: Sum of 35-44 years | F3: Sum of 45-54 years | G3: Sum of 55-64 years | H3: Sum of 65-74 years | I3: Sum of 75-84 years | J3: Sum of 85+ years
A4: 50367.608 | B4: 25414.745 | C4: 25318.902 | D4: 25575.843 | E4: 26236.549 | F4: 30561.725 | G4: 46201.49 | H4: 69451.608 | I4: 124861.18 | J4: 222531.45

Sheet Census data - pivot chart
A3: Sum of < 5 years | B3: Sum of 5-14 years | C3: Sum of 15-24 years | D3: Sum of 25-34 years | E3: Sum of 35-44 years | F3: Sum of 45-54 years | G3: Sum of 55-64 years | H3: Sum of 65-74 years | I3: Sum of 75-84 years | J3: Sum of 85+ years
A4: 1.8287376e+08 | B4: 3.7315081e+08 | C4: 3.9746188e+08 | D4: 3.8117074e+08 | E4: 3.756075e+08 | F4: 4.0065594e+08 | G4: 3.3939146e+08 | H4: 2.1211693e+08 | I4: 1.2218417e+08 | J4: 51428488

Sheet Integrated data - old
H1: Influenza deaths | O1: Population | Z1: Death rate
A2: State | B2: Year | C2: Combined key | D2: < 5 years | E2: 5-14 years | F2: 15-24 years | G2: 25-34 years | H2: 35-44 years | I2: 45-54 years | J2: 55-64 years | K2: 65-74 years | L2: 75-84 years | M2: 85+ years | N2: Total Deaths | O2: < 5 years | P2: 5-14 years | Q2: 15-24 years | R2: 25-34 years | S2: 35-44 years | T2: 45-54 years | U2: 55-64 years | V2: 65-74 years | W2: 75-84 years | X2: 85+ years | Y2: Total population | Z2: < 5 years | AA2: 5-14 years | AB2: 15-24 years | AC2: 25-34 years | AD2: 35-44 years | AE2: 45-54 years | AF2: 55-64 years | AG2: 65-74 years | AH2: 75-84 years | AI2: 85+ years | AJ2: Total population
A3: Alabama | B3: 2009 | C3: Alabama,2009 | D3: 86 | E3: 55 | F3: 69 | G3: 53 | H3: 68 | I3: 60 | J3: 73 | K3: 110 | L3: 261 | M3: 356 | N3: 1191 | O3: 313461.97 | P3: 630249.62 | Q3: 666388.58 | R3: 612761.48 | S3: 642363.69 | T3: 677823.44 | U3: 534879.99 | V3: 341648 | W3: 217111.68 | X3: 77806.246 | Y3: 4714494.7 | Z3: 0.00027435545 | AA3: 8.726701e-05 | AB3: 0.00010354319 | AC3: 8.6493688e-05 | AD3: 0.00010585903 | AE3: 8.8518627e-05 | AF3: 0.00013647921 | AG3: 0.00032196881 | AH3: 0.0012021463 | AI3: 0.0045754681 | AJ3: 0.00025262516
A4: Alabama | B4: 2010 | C4: Alabama,2010 | D4: 131 | E4: 62 | F4: 63 | G4: 38 | H4: 55 | I4: 57 | J4: 73 | K4: 157 | L4: 263 | M4: 348 | N4: 1247 | O4: 312439.16 | P4: 648489.68 | Q4: 693474.4 | R4: 617886.19 | S4: 653877.49 | T4: 706558.67 | U4: 574930.13 | V4: 366249.07 | W4: 214827.42 | X4: 76841.017 | Y4: 4865573.2 | Z4: 0.00041928162 | AA4: 9.5606764e-05 | AB4: 9.0846901e-05 | AC4: 6.1499999e-05 | AD4: 8.4113615e-05 | AE4: 8.0672706e-05 | AF4: 0.00012697195 | AG4: 0.00042867003 | AH4: 0.0012242385 | AI4: 0.0045288313 | AJ4: 0.00025629046
A5: Alabama | B5: 2011 | C5: Alabama,2011 | D5: 95 | E5: 55 | F5: 63 | G5: 47 | H5: 42 | I5: 57 | J5: 80 | K5: 130 | L5: 292 | M5: 348 | N5: 1209 | O5: 322372.92 | P5: 666087.8 | Q5: 729370.75 | R5: 642169.58 | S5: 666641.69 | T5: 738126.62 | U5: 617657.35 | V5: 390500.01 | W5: 226963.75 | X5: 81442.062 | Y5: 5081332.6 | Z5: 0.00029468976 | AA5: 8.2571697e-05 | AB5: 8.6375824e-05 | AC5: 7.318939e-05 | AD5: 6.300236e-05 | AE5: 7.7222523e-05 | AF5: 0.00012952165 | AG5: 0.00033290652 | AH5: 0.001286549 | AI5: 0.0042729763 | AJ5: 0.00023792971
A6: Alabama | B6: 2012 | C6: Alabama,2012 | D6: 101 | E6: 49 | F6: 35 | G6: 64 | H6: 44 | I6: 59 | J6: 62 | K6: 123 | L6: 270 | M6: 358 | N6: 1165 | O6: 309366.07 | P6: 637460.32 | Q6: 687206.43 | R6: 614914.96 | S6: 629224.65 | T6: 702691.36 | U6: 604314.23 | V6: 384670.61 | W6: 216927.48 | X6: 79572.687 | Y6: 4866348.8 | Z6: 0.00032647407 | AA6: 7.6867529e-05 | AB6: 5.0930839e-05 | AC6: 0.00010407943 | AD6: 6.992733e-05 | AE6: 8.3962894e-05 | AF6: 0.00010259563 | AG6: 0.00031975409 | AH6: 0.0012446556 | AI6: 0.0044990312 | AJ6: 0.0002393992
A7: Alabama | B7: 2013 | C7: Alabama,2013 | D7: 101 | E7: 60 | F7: 53 | G7: 47 | H7: 59 | I7: 51 | J7: 109 | K7: 135 | L7: 283 | M7: 381 | N7: 1279 | O7: 304011.8 | P7: 633387.6 | Q7: 693259.45 | R7: 619138.67 | S7: 620929.52 | T7: 692805.71 | U7: 615748.67 | V7: 396294.59 | W7: 220396.2 | X7: 82020.394 | Y7: 4877992.6 | Z7: 0.00033222395 | AA7: 9.4728725e-05 | AB7: 7.6450454e-05 | AC7: 7.5911911e-05 | AD7: 9.5018836e-05 | AE7: 7.3613712e-05 | AF7: 0.00017702028 | AG7: 0.00034065567 | AH7: 0.0012840512 | AI7: 0.0046451862 | AJ7: 0.00026219802
A8: Alabama | B8: 2014 | C8: Alabama,2014 | D8: 106 | E8: 56 | F8: 46 | G8: 72 | H8: 85 | I8: 85 | J8: 78 | K8: 181 | L8: 261 | M8: 345 | N8: 1315 | O8: 287833 | P8: 600198.51 | Q8: 649803.19 | R8: 596994.66 | S8: 587552.54 | T8: 647491.16 | U8: 587084 | V8: 380790.54 | W8: 206634.05 | X8: 77027.34 | Y8: 4621409 | Z8: 0.0003682691 | AA8: 9.3302465e-05 | AB8: 7.0790666e-05 | AC8: 0.00012060409 | AD8: 0.00014466791 | AE8: 0.00013127592 | AF8: 0.00013286003 | AG8: 0.00047532694 | AH8: 0.0012631026 | AI8: 0.0044789292 | AJ8: 0.00028454526
A9: Alabama | B9: 2015 | C9: Alabama,2015 | D9: 109 | E9: 46 | F9: 35 | G9: 48 | H9: 62 | I9: 43 | J9: 124 | K9: 203 | L9: 308 | M9: 381 | N9: 1359 | O9: 289513.79 | P9: 610789.65 | Q9: 652929.81 | R9: 610978.24 | S9: 595044.55 | T9: 652442.84 | U9: 610374.51 | V9: 408052.17 | W9: 216651.45 | X9: 80089.16 | Y9: 4726866.2 | Z9: 0.00037649329 | AA9: 7.5312343e-05 | AB9: 5.3604536e-05 | AC9: 7.8562536e-05 | AD9: 0.00010419388 | AE9: 6.5906157e-05 | AF9: 0.00020315396 | AG9: 0.00049748541 | AH9: 0.0014216383 | AI9: 0.0047571981 | AJ9: 0.0002875055
A10: Alabama | B10: 2016 | C10: Alabama,2016 | D10: 92 | E10: 69 | F10: 68 | G10: 52 | H10: 58 | I10: 66 | J10: 119 | K10: 191 | L10: 277 | M10: 289 | N10: 1281 | O10: 297332.55 | P10: 631756.44 | Q10: 673997.76 | R10: 635795.74 | S10: 619383.34 | T10: 670538.92 | U10: 644270.06 | V10: 447754.11 | W10: 232425.35 | X10: 85788.3 | Y10: 4939042.6 | Z10: 0.00030941785 | AA10: 0.00010921931 | AB10: 0.00010089054 | AC10: 8.1787274e-05 | AD10: 9.3641524e-05 | AE10: 9.8428291e-05 | AF10: 0.00018470515 | AG10: 0.00042657341 | AH10: 0.0011917805 | AI10: 0.0033687577 | AJ10: 0.00025936201
A11: Alabama | B11: 2017 | C11: Alabama,2017 | D11: 94 | E11: 60 | F11: 62 | G11: 59 | H11: 58 | I11: 61 | J11: 112 | K11: 227 | L11: 338 | M11: 375 | N11: 1446 | O11: 285582 | P11: 604603 | Q11: 650293 | R11: 614519 | S11: 590164 | T11: 637686 | U11: 627460 | V11: 443258 | W11: 225993 | X11: 82154 | Y11: 4761712 | Z11: 0.0003291524 | AA11: 9.9238674e-05 | AB11: 9.5341638e-05 | AC11: 9.601005e-05 | AD11: 9.8277767e-05 | AE11: 9.5658365e-05 | AF11: 0.00017849743 | AG11: 0.0005121171 | AH11: 0.0014956215 | AI11: 0.0045645982 | AJ11: 0.00030367229
A12: Alaska | B12: 2009 | C12: Alaska,2009 | D12: 121 | E12: 47 | F12: 60 | G12: 73 | H12: 32 | I12: 40 | J12: 62 | K12: 58 | L12: 53 | M12: 69 | N12: 615 | O12: 55508.075 | P12: 105685.9 | Q12: 121296.25 | R12: 102702.4 | S12: 102961.64 | T12: 114657.09 | U12: 77422.602 | V12: 33475.446 | W12: 16093.718 | X12: 5240.079 | Y12: 735043.21 | Z12: 0.002179863 | AA12: 0.00044471401 | AB12: 0.00049465667 | AC12: 0.00071079156 | AD12: 0.00031079537 | AE12: 0.00034886633 | AF12: 0.00080079975 | AG12: 0.0017326132 | AH12: 0.0032932104 | AI12: 0.01316774 | AJ12: 0.00083668551
A13: Alaska | B13: 2010 | C13: Alaska,2010 | D13: 120 | E13: 49 | F13: 64 | G13: 56 | H13: 70 | I13: 66 | J13: 44 | K13: 54 | L13: 44 | M13: 71 | N13: 638 | O13: 52137.324 | P13: 102332.08 | Q13: 110410.98 | R13: 94661.169 | S13: 97170.112 | T13: 111612.62 | U13: 80035.559 | V13: 33808.065 | W13: 15441.695 | X13: 5010.15 | Y13: 702619.75 | Z13: 0.0023016141 | AA13: 0.00047883324 | AB13: 0.00057965248 | AC13: 0.00059158365 | AD13: 0.00072038612 | AE13: 0.000591331 | AF13: 0.00054975564 | AG13: 0.001597252 | AH13: 0.0028494281 | AI13: 0.014171232 | AJ13: 0.00090803027
A14: Alaska | B14: 2011 | C14: Alaska,2011 | D14: 93 | E14: 39 | F14: 46 | G14: 65 | H14: 57 | I14: 62 | J14: 65 | K14: 44 | L14: 58 | M14: 65 | N14: 594 | O14: 50142.041 | P14: 97168.511 | Q14: 103420.13 | R14: 94885.244 | S14: 91425.494 | T14: 106786.52 | U14: 80478.222 | V14: 33438.928 | W14: 15400.793 | X14: 4467.28 | Y14: 677613.16 | Z14: 0.001854731 | AA14: 0.00040136459 | AB14: 0.00044478767 | AC14: 0.00068503802 | AD14: 0.00062345849 | AE14: 0.00058059765 | AF14: 0.00080767192 | AG14: 0.0013158317 | AH14: 0.0037660398 | AI14: 0.014550241 | AJ14: 0.00087660635
... A470: Wyoming | B470: 2017 | C470: Wyoming,2017 | D470: 101 | E470: 46 | F470: 57 | G470: 52 | H470: 56 | I470: 60 | J470: 73 | K470: 65 | L470: 54 | M470: 67 | N470: 631 | O470: 39641 | P470: 83314 | Q470: 85784 | R470: 86765 | S470: 74910 | T470: 76858 | U470: 88143 | V470: 55233 | W470: 26931 | X470: 10586 | Y470: 628165 | Z470: 0.0025478671 | AA470: 0.00055212809 | AB470: 0.00066445957 | AC470: 0.00059932 | AD470: 0.00074756374 | AE470: 0.00078066044 | AF470: 0.00082819963 | AG470: 0.0011768327 | AH470: 0.0020051242 | AI470: 0.0063291139 | AJ470: 0.0010045131
